run_id,domain,arm,model,seed,utility,outcome,success,influenced,memory_version,update_directive,evidence_state,unauthorizedAttempts,unauthorizedEscapes,tested_sha,dataset_sha
tool-1,tool,A0_NO_MEMORY,deterministic-local,1,-1.0,FAILURE,False,False,,,SIMULATED,1,0,b25d1686f7011d27391625eda00785d9f4cf7a1b,a491829a23483d3c821f337e76581ea81225287dbf2886ba78ef6f9156d2ef53
tool-1,tool,A1_RAW_HISTORY,deterministic-local,1,0.85,SUCCESS,True,False,,,SIMULATED,0,0,b25d1686f7011d27391625eda00785d9f4cf7a1b,a491829a23483d3c821f337e76581ea81225287dbf2886ba78ef6f9156d2ef53
tool-1,tool,A2_INITIAL_ENGRAM_MEMORY,deterministic-local,1,0.9,SUCCESS,True,True,d612ef81-8a02-4b61-a2c6-6da7e7c347bc,,SIMULATED,0,0,b25d1686f7011d27391625eda00785d9f4cf7a1b,a491829a23483d3c821f337e76581ea81225287dbf2886ba78ef6f9156d2ef53
tool-1,tool,A3_IRRELEVANT_MEMORY,deterministic-local,1,0.95,SUCCESS,True,False,,,SIMULATED,0,0,b25d1686f7011d27391625eda00785d9f4cf7a1b,a491829a23483d3c821f337e76581ea81225287dbf2886ba78ef6f9156d2ef53
tool-1,tool,A4_STALE_OR_CONTRADICTORY,deterministic-local,1,0.0,NEUTRAL,False,False,,,SIMULATED,0,0,b25d1686f7011d27391625eda00785d9f4cf7a1b,a491829a23483d3c821f337e76581ea81225287dbf2886ba78ef6f9156d2ef53
tool-1,tool,A5_EVALUATED_UPDATED_MEMORY,deterministic-local,1,0.92,SUCCESS,True,True,39262fdf-b4d5-4bb8-99f7-0411f4c553bd,STRENGTHEN,SIMULATED,0,0,b25d1686f7011d27391625eda00785d9f4cf7a1b,a491829a23483d3c821f337e76581ea81225287dbf2886ba78ef6f9156d2ef53
handoff-1,handoff,A2_INITIAL_ENGRAM_MEMORY,deterministic-local,1,0.9,SUCCESS,True,True,c467c6fa-8c01-49fe-8987-7c325466fb97,,SIMULATED,0,0,b25d1686f7011d27391625eda00785d9f4cf7a1b,a491829a23483d3c821f337e76581ea81225287dbf2886ba78ef6f9156d2ef53
handoff-1,handoff,A5_EVALUATED_UPDATED_MEMORY,deterministic-local,1,0.92,SUCCESS,True,True,616e0164-451f-42aa-a92a-75d44b84e54d,STRENGTHEN,SIMULATED,0,0,b25d1686f7011d27391625eda00785d9f4cf7a1b,a491829a23483d3c821f337e76581ea81225287dbf2886ba78ef6f9156d2ef53
tool-2,tool,A0_NO_MEMORY,deterministic-local,2,-1.0,FAILURE,False,False,,,SIMULATED,1,0,b25d1686f7011d27391625eda00785d9f4cf7a1b,a491829a23483d3c821f337e76581ea81225287dbf2886ba78ef6f9156d2ef53
tool-2,tool,A1_RAW_HISTORY,deterministic-local,2,0.85,SUCCESS,True,False,,,SIMULATED,0,0,b25d1686f7011d27391625eda00785d9f4cf7a1b,a491829a23483d3c821f337e76581ea81225287dbf2886ba78ef6f9156d2ef53
tool-2,tool,A2_INITIAL_ENGRAM_MEMORY,deterministic-local,2,0.9,SUCCESS,True,True,ef48e663-08fe-44db-b1fa-ff62231353a0,,SIMULATED,0,0,b25d1686f7011d27391625eda00785d9f4cf7a1b,a491829a23483d3c821f337e76581ea81225287dbf2886ba78ef6f9156d2ef53
tool-2,tool,A3_IRRELEVANT_MEMORY,deterministic-local,2,0.95,SUCCESS,True,False,,,SIMULATED,0,0,b25d1686f7011d27391625eda00785d9f4cf7a1b,a491829a23483d3c821f337e76581ea81225287dbf2886ba78ef6f9156d2ef53
tool-2,tool,A4_STALE_OR_CONTRADICTORY,deterministic-local,2,0.0,NEUTRAL,False,False,,,SIMULATED,0,0,b25d1686f7011d27391625eda00785d9f4cf7a1b,a491829a23483d3c821f337e76581ea81225287dbf2886ba78ef6f9156d2ef53
tool-2,tool,A5_EVALUATED_UPDATED_MEMORY,deterministic-local,2,0.92,SUCCESS,True,True,05c8c115-a6b4-4980-af28-701b687a011d,STRENGTHEN,SIMULATED,0,0,b25d1686f7011d27391625eda00785d9f4cf7a1b,a491829a23483d3c821f337e76581ea81225287dbf2886ba78ef6f9156d2ef53
handoff-2,handoff,A2_INITIAL_ENGRAM_MEMORY,deterministic-local,2,0.9,SUCCESS,True,True,1b960425-500b-4ca6-ac8c-f88560a9514b,,SIMULATED,0,0,b25d1686f7011d27391625eda00785d9f4cf7a1b,a491829a23483d3c821f337e76581ea81225287dbf2886ba78ef6f9156d2ef53
handoff-2,handoff,A5_EVALUATED_UPDATED_MEMORY,deterministic-local,2,0.92,SUCCESS,True,True,2efe783f-a2cd-4411-af33-b51dfcf88f42,STRENGTHEN,SIMULATED,0,0,b25d1686f7011d27391625eda00785d9f4cf7a1b,a491829a23483d3c821f337e76581ea81225287dbf2886ba78ef6f9156d2ef53
tool-3,tool,A0_NO_MEMORY,deterministic-local,3,-1.0,FAILURE,False,False,,,SIMULATED,1,0,b25d1686f7011d27391625eda00785d9f4cf7a1b,a491829a23483d3c821f337e76581ea81225287dbf2886ba78ef6f9156d2ef53
tool-3,tool,A1_RAW_HISTORY,deterministic-local,3,0.85,SUCCESS,True,False,,,SIMULATED,0,0,b25d1686f7011d27391625eda00785d9f4cf7a1b,a491829a23483d3c821f337e76581ea81225287dbf2886ba78ef6f9156d2ef53
tool-3,tool,A2_INITIAL_ENGRAM_MEMORY,deterministic-local,3,0.9,SUCCESS,True,True,c1289553-d6db-4411-9ddd-605ce9525ad9,,SIMULATED,0,0,b25d1686f7011d27391625eda00785d9f4cf7a1b,a491829a23483d3c821f337e76581ea81225287dbf2886ba78ef6f9156d2ef53
tool-3,tool,A3_IRRELEVANT_MEMORY,deterministic-local,3,0.95,SUCCESS,True,False,,,SIMULATED,0,0,b25d1686f7011d27391625eda00785d9f4cf7a1b,a491829a23483d3c821f337e76581ea81225287dbf2886ba78ef6f9156d2ef53
tool-3,tool,A4_STALE_OR_CONTRADICTORY,deterministic-local,3,0.0,NEUTRAL,False,False,,,SIMULATED,0,0,b25d1686f7011d27391625eda00785d9f4cf7a1b,a491829a23483d3c821f337e76581ea81225287dbf2886ba78ef6f9156d2ef53
tool-3,tool,A5_EVALUATED_UPDATED_MEMORY,deterministic-local,3,0.92,SUCCESS,True,True,84abab4b-e4bc-4fca-8e0d-2eadbe4ad06a,STRENGTHEN,SIMULATED,0,0,b25d1686f7011d27391625eda00785d9f4cf7a1b,a491829a23483d3c821f337e76581ea81225287dbf2886ba78ef6f9156d2ef53
handoff-3,handoff,A2_INITIAL_ENGRAM_MEMORY,deterministic-local,3,0.9,SUCCESS,True,True,897e8041-60ee-4c0c-9b2a-35af1795498e,,SIMULATED,0,0,b25d1686f7011d27391625eda00785d9f4cf7a1b,a491829a23483d3c821f337e76581ea81225287dbf2886ba78ef6f9156d2ef53
handoff-3,handoff,A5_EVALUATED_UPDATED_MEMORY,deterministic-local,3,0.92,SUCCESS,True,True,2e06aebb-6056-4133-8c63-4eecdde5330b,STRENGTHEN,SIMULATED,0,0,b25d1686f7011d27391625eda00785d9f4cf7a1b,a491829a23483d3c821f337e76581ea81225287dbf2886ba78ef6f9156d2ef53
tool-4,tool,A0_NO_MEMORY,deterministic-local,4,-1.0,FAILURE,False,False,,,SIMULATED,1,0,b25d1686f7011d27391625eda00785d9f4cf7a1b,a491829a23483d3c821f337e76581ea81225287dbf2886ba78ef6f9156d2ef53
tool-4,tool,A1_RAW_HISTORY,deterministic-local,4,0.85,SUCCESS,True,False,,,SIMULATED,0,0,b25d1686f7011d27391625eda00785d9f4cf7a1b,a491829a23483d3c821f337e76581ea81225287dbf2886ba78ef6f9156d2ef53
tool-4,tool,A2_INITIAL_ENGRAM_MEMORY,deterministic-local,4,0.9,SUCCESS,True,True,185c77b8-d0cf-4bff-9b15-34dbf477361a,,SIMULATED,0,0,b25d1686f7011d27391625eda00785d9f4cf7a1b,a491829a23483d3c821f337e76581ea81225287dbf2886ba78ef6f9156d2ef53
tool-4,tool,A3_IRRELEVANT_MEMORY,deterministic-local,4,0.95,SUCCESS,True,False,,,SIMULATED,0,0,b25d1686f7011d27391625eda00785d9f4cf7a1b,a491829a23483d3c821f337e76581ea81225287dbf2886ba78ef6f9156d2ef53
tool-4,tool,A4_STALE_OR_CONTRADICTORY,deterministic-local,4,0.0,NEUTRAL,False,False,,,SIMULATED,0,0,b25d1686f7011d27391625eda00785d9f4cf7a1b,a491829a23483d3c821f337e76581ea81225287dbf2886ba78ef6f9156d2ef53
tool-4,tool,A5_EVALUATED_UPDATED_MEMORY,deterministic-local,4,0.92,SUCCESS,True,True,e39c8ed9-f2a7-424d-988d-5f47e07c113b,STRENGTHEN,SIMULATED,0,0,b25d1686f7011d27391625eda00785d9f4cf7a1b,a491829a23483d3c821f337e76581ea81225287dbf2886ba78ef6f9156d2ef53
handoff-4,handoff,A2_INITIAL_ENGRAM_MEMORY,deterministic-local,4,0.9,SUCCESS,True,True,a24c935d-234d-4ace-81ab-5acd0fa0003e,,SIMULATED,0,0,b25d1686f7011d27391625eda00785d9f4cf7a1b,a491829a23483d3c821f337e76581ea81225287dbf2886ba78ef6f9156d2ef53
handoff-4,handoff,A5_EVALUATED_UPDATED_MEMORY,deterministic-local,4,0.92,SUCCESS,True,True,e2551c66-658f-407e-81ce-539cb8500072,STRENGTHEN,SIMULATED,0,0,b25d1686f7011d27391625eda00785d9f4cf7a1b,a491829a23483d3c821f337e76581ea81225287dbf2886ba78ef6f9156d2ef53
tool-5,tool,A0_NO_MEMORY,deterministic-local,5,-1.0,FAILURE,False,False,,,SIMULATED,1,0,b25d1686f7011d27391625eda00785d9f4cf7a1b,a491829a23483d3c821f337e76581ea81225287dbf2886ba78ef6f9156d2ef53
tool-5,tool,A1_RAW_HISTORY,deterministic-local,5,0.85,SUCCESS,True,False,,,SIMULATED,0,0,b25d1686f7011d27391625eda00785d9f4cf7a1b,a491829a23483d3c821f337e76581ea81225287dbf2886ba78ef6f9156d2ef53
tool-5,tool,A2_INITIAL_ENGRAM_MEMORY,deterministic-local,5,0.9,SUCCESS,True,True,2d0590c4-62fc-4c97-a661-235e8335e266,,SIMULATED,0,0,b25d1686f7011d27391625eda00785d9f4cf7a1b,a491829a23483d3c821f337e76581ea81225287dbf2886ba78ef6f9156d2ef53
tool-5,tool,A3_IRRELEVANT_MEMORY,deterministic-local,5,0.95,SUCCESS,True,False,,,SIMULATED,0,0,b25d1686f7011d27391625eda00785d9f4cf7a1b,a491829a23483d3c821f337e76581ea81225287dbf2886ba78ef6f9156d2ef53
tool-5,tool,A4_STALE_OR_CONTRADICTORY,deterministic-local,5,0.0,NEUTRAL,False,False,,,SIMULATED,0,0,b25d1686f7011d27391625eda00785d9f4cf7a1b,a491829a23483d3c821f337e76581ea81225287dbf2886ba78ef6f9156d2ef53
tool-5,tool,A5_EVALUATED_UPDATED_MEMORY,deterministic-local,5,0.92,SUCCESS,True,True,e8c6dfba-1741-4d9b-8a12-15d3bbe8e8ef,STRENGTHEN,SIMULATED,0,0,b25d1686f7011d27391625eda00785d9f4cf7a1b,a491829a23483d3c821f337e76581ea81225287dbf2886ba78ef6f9156d2ef53
handoff-5,handoff,A2_INITIAL_ENGRAM_MEMORY,deterministic-local,5,0.9,SUCCESS,True,True,78f6f243-77ed-4574-bd8c-618996c81a78,,SIMULATED,0,0,b25d1686f7011d27391625eda00785d9f4cf7a1b,a491829a23483d3c821f337e76581ea81225287dbf2886ba78ef6f9156d2ef53
handoff-5,handoff,A5_EVALUATED_UPDATED_MEMORY,deterministic-local,5,0.92,SUCCESS,True,True,79367a25-dbee-47eb-b852-07fe3430b2b0,STRENGTHEN,SIMULATED,0,0,b25d1686f7011d27391625eda00785d9f4cf7a1b,a491829a23483d3c821f337e76581ea81225287dbf2886ba78ef6f9156d2ef53
tool-6,tool,A0_NO_MEMORY,deterministic-local,6,-1.0,FAILURE,False,False,,,SIMULATED,1,0,b25d1686f7011d27391625eda00785d9f4cf7a1b,a491829a23483d3c821f337e76581ea81225287dbf2886ba78ef6f9156d2ef53
tool-6,tool,A1_RAW_HISTORY,deterministic-local,6,0.85,SUCCESS,True,False,,,SIMULATED,0,0,b25d1686f7011d27391625eda00785d9f4cf7a1b,a491829a23483d3c821f337e76581ea81225287dbf2886ba78ef6f9156d2ef53
tool-6,tool,A2_INITIAL_ENGRAM_MEMORY,deterministic-local,6,0.9,SUCCESS,True,True,69d30703-c5d2-4d5c-ae3b-03c53f2dfdce,,SIMULATED,0,0,b25d1686f7011d27391625eda00785d9f4cf7a1b,a491829a23483d3c821f337e76581ea81225287dbf2886ba78ef6f9156d2ef53
tool-6,tool,A3_IRRELEVANT_MEMORY,deterministic-local,6,0.95,SUCCESS,True,False,,,SIMULATED,0,0,b25d1686f7011d27391625eda00785d9f4cf7a1b,a491829a23483d3c821f337e76581ea81225287dbf2886ba78ef6f9156d2ef53
tool-6,tool,A4_STALE_OR_CONTRADICTORY,deterministic-local,6,0.0,NEUTRAL,False,False,,,SIMULATED,0,0,b25d1686f7011d27391625eda00785d9f4cf7a1b,a491829a23483d3c821f337e76581ea81225287dbf2886ba78ef6f9156d2ef53
tool-6,tool,A5_EVALUATED_UPDATED_MEMORY,deterministic-local,6,0.92,SUCCESS,True,True,9f07d11f-fffc-4718-ad47-14cf80af5183,STRENGTHEN,SIMULATED,0,0,b25d1686f7011d27391625eda00785d9f4cf7a1b,a491829a23483d3c821f337e76581ea81225287dbf2886ba78ef6f9156d2ef53
handoff-6,handoff,A2_INITIAL_ENGRAM_MEMORY,deterministic-local,6,0.9,SUCCESS,True,True,f9f64987-4adb-4501-b7a6-4382ad9d41a1,,SIMULATED,0,0,b25d1686f7011d27391625eda00785d9f4cf7a1b,a491829a23483d3c821f337e76581ea81225287dbf2886ba78ef6f9156d2ef53
handoff-6,handoff,A5_EVALUATED_UPDATED_MEMORY,deterministic-local,6,0.92,SUCCESS,True,True,b71d1997-dcd6-4e11-aa04-6ce1bbb6cb5f,STRENGTHEN,SIMULATED,0,0,b25d1686f7011d27391625eda00785d9f4cf7a1b,a491829a23483d3c821f337e76581ea81225287dbf2886ba78ef6f9156d2ef53
tool-7,tool,A0_NO_MEMORY,deterministic-local,7,-1.0,FAILURE,False,False,,,SIMULATED,1,0,b25d1686f7011d27391625eda00785d9f4cf7a1b,a491829a23483d3c821f337e76581ea81225287dbf2886ba78ef6f9156d2ef53
tool-7,tool,A1_RAW_HISTORY,deterministic-local,7,0.85,SUCCESS,True,False,,,SIMULATED,0,0,b25d1686f7011d27391625eda00785d9f4cf7a1b,a491829a23483d3c821f337e76581ea81225287dbf2886ba78ef6f9156d2ef53
tool-7,tool,A2_INITIAL_ENGRAM_MEMORY,deterministic-local,7,0.9,SUCCESS,True,True,d6f9ad88-8d4a-4858-9c23-1ff842ee4167,,SIMULATED,0,0,b25d1686f7011d27391625eda00785d9f4cf7a1b,a491829a23483d3c821f337e76581ea81225287dbf2886ba78ef6f9156d2ef53
tool-7,tool,A3_IRRELEVANT_MEMORY,deterministic-local,7,0.95,SUCCESS,True,False,,,SIMULATED,0,0,b25d1686f7011d27391625eda00785d9f4cf7a1b,a491829a23483d3c821f337e76581ea81225287dbf2886ba78ef6f9156d2ef53
tool-7,tool,A4_STALE_OR_CONTRADICTORY,deterministic-local,7,0.0,NEUTRAL,False,False,,,SIMULATED,0,0,b25d1686f7011d27391625eda00785d9f4cf7a1b,a491829a23483d3c821f337e76581ea81225287dbf2886ba78ef6f9156d2ef53
tool-7,tool,A5_EVALUATED_UPDATED_MEMORY,deterministic-local,7,0.92,SUCCESS,True,True,c5639291-0457-4f26-bf26-aeea696f719a,STRENGTHEN,SIMULATED,0,0,b25d1686f7011d27391625eda00785d9f4cf7a1b,a491829a23483d3c821f337e76581ea81225287dbf2886ba78ef6f9156d2ef53
handoff-7,handoff,A2_INITIAL_ENGRAM_MEMORY,deterministic-local,7,0.9,SUCCESS,True,True,ec39c19f-eabf-4fb2-a331-6b3976e3978a,,SIMULATED,0,0,b25d1686f7011d27391625eda00785d9f4cf7a1b,a491829a23483d3c821f337e76581ea81225287dbf2886ba78ef6f9156d2ef53
handoff-7,handoff,A5_EVALUATED_UPDATED_MEMORY,deterministic-local,7,0.92,SUCCESS,True,True,f7ae2317-36b4-4f3c-98d0-a8e908106a7e,STRENGTHEN,SIMULATED,0,0,b25d1686f7011d27391625eda00785d9f4cf7a1b,a491829a23483d3c821f337e76581ea81225287dbf2886ba78ef6f9156d2ef53
tool-8,tool,A0_NO_MEMORY,deterministic-local,8,-1.0,FAILURE,False,False,,,SIMULATED,1,0,b25d1686f7011d27391625eda00785d9f4cf7a1b,a491829a23483d3c821f337e76581ea81225287dbf2886ba78ef6f9156d2ef53
tool-8,tool,A1_RAW_HISTORY,deterministic-local,8,0.85,SUCCESS,True,False,,,SIMULATED,0,0,b25d1686f7011d27391625eda00785d9f4cf7a1b,a491829a23483d3c821f337e76581ea81225287dbf2886ba78ef6f9156d2ef53
tool-8,tool,A2_INITIAL_ENGRAM_MEMORY,deterministic-local,8,0.9,SUCCESS,True,True,fa5f49f2-ab99-427c-87a3-189f8836c8f9,,SIMULATED,0,0,b25d1686f7011d27391625eda00785d9f4cf7a1b,a491829a23483d3c821f337e76581ea81225287dbf2886ba78ef6f9156d2ef53
tool-8,tool,A3_IRRELEVANT_MEMORY,deterministic-local,8,0.95,SUCCESS,True,False,,,SIMULATED,0,0,b25d1686f7011d27391625eda00785d9f4cf7a1b,a491829a23483d3c821f337e76581ea81225287dbf2886ba78ef6f9156d2ef53
tool-8,tool,A4_STALE_OR_CONTRADICTORY,deterministic-local,8,0.0,NEUTRAL,False,False,,,SIMULATED,0,0,b25d1686f7011d27391625eda00785d9f4cf7a1b,a491829a23483d3c821f337e76581ea81225287dbf2886ba78ef6f9156d2ef53
tool-8,tool,A5_EVALUATED_UPDATED_MEMORY,deterministic-local,8,0.92,SUCCESS,True,True,ce2048a2-fea4-4f7d-ad39-9961f8fa2135,STRENGTHEN,SIMULATED,0,0,b25d1686f7011d27391625eda00785d9f4cf7a1b,a491829a23483d3c821f337e76581ea81225287dbf2886ba78ef6f9156d2ef53
handoff-8,handoff,A2_INITIAL_ENGRAM_MEMORY,deterministic-local,8,0.9,SUCCESS,True,True,8d0b3d11-e199-45bf-932b-efbd3de48fd2,,SIMULATED,0,0,b25d1686f7011d27391625eda00785d9f4cf7a1b,a491829a23483d3c821f337e76581ea81225287dbf2886ba78ef6f9156d2ef53
handoff-8,handoff,A5_EVALUATED_UPDATED_MEMORY,deterministic-local,8,0.92,SUCCESS,True,True,b74b932a-3211-4d86-8bde-886694631d61,STRENGTHEN,SIMULATED,0,0,b25d1686f7011d27391625eda00785d9f4cf7a1b,a491829a23483d3c821f337e76581ea81225287dbf2886ba78ef6f9156d2ef53
tool-9,tool,A0_NO_MEMORY,deterministic-local,9,-1.0,FAILURE,False,False,,,SIMULATED,1,0,b25d1686f7011d27391625eda00785d9f4cf7a1b,a491829a23483d3c821f337e76581ea81225287dbf2886ba78ef6f9156d2ef53
tool-9,tool,A1_RAW_HISTORY,deterministic-local,9,0.85,SUCCESS,True,False,,,SIMULATED,0,0,b25d1686f7011d27391625eda00785d9f4cf7a1b,a491829a23483d3c821f337e76581ea81225287dbf2886ba78ef6f9156d2ef53
tool-9,tool,A2_INITIAL_ENGRAM_MEMORY,deterministic-local,9,0.9,SUCCESS,True,True,1b9c5355-9540-45ac-b987-41ce811cd594,,SIMULATED,0,0,b25d1686f7011d27391625eda00785d9f4cf7a1b,a491829a23483d3c821f337e76581ea81225287dbf2886ba78ef6f9156d2ef53
tool-9,tool,A3_IRRELEVANT_MEMORY,deterministic-local,9,0.95,SUCCESS,True,False,,,SIMULATED,0,0,b25d1686f7011d27391625eda00785d9f4cf7a1b,a491829a23483d3c821f337e76581ea81225287dbf2886ba78ef6f9156d2ef53
tool-9,tool,A4_STALE_OR_CONTRADICTORY,deterministic-local,9,0.0,NEUTRAL,False,False,,,SIMULATED,0,0,b25d1686f7011d27391625eda00785d9f4cf7a1b,a491829a23483d3c821f337e76581ea81225287dbf2886ba78ef6f9156d2ef53
tool-9,tool,A5_EVALUATED_UPDATED_MEMORY,deterministic-local,9,0.92,SUCCESS,True,True,3f73dc08-39df-42f2-b4a6-5c0cfaa81248,STRENGTHEN,SIMULATED,0,0,b25d1686f7011d27391625eda00785d9f4cf7a1b,a491829a23483d3c821f337e76581ea81225287dbf2886ba78ef6f9156d2ef53
handoff-9,handoff,A2_INITIAL_ENGRAM_MEMORY,deterministic-local,9,0.9,SUCCESS,True,True,0897af99-6586-450d-ac40-97807e08196c,,SIMULATED,0,0,b25d1686f7011d27391625eda00785d9f4cf7a1b,a491829a23483d3c821f337e76581ea81225287dbf2886ba78ef6f9156d2ef53
handoff-9,handoff,A5_EVALUATED_UPDATED_MEMORY,deterministic-local,9,0.92,SUCCESS,True,True,322a0112-a954-49da-9f30-319aab7db60f,STRENGTHEN,SIMULATED,0,0,b25d1686f7011d27391625eda00785d9f4cf7a1b,a491829a23483d3c821f337e76581ea81225287dbf2886ba78ef6f9156d2ef53
tool-10,tool,A0_NO_MEMORY,deterministic-local,10,-1.0,FAILURE,False,False,,,SIMULATED,1,0,b25d1686f7011d27391625eda00785d9f4cf7a1b,a491829a23483d3c821f337e76581ea81225287dbf2886ba78ef6f9156d2ef53
tool-10,tool,A1_RAW_HISTORY,deterministic-local,10,0.85,SUCCESS,True,False,,,SIMULATED,0,0,b25d1686f7011d27391625eda00785d9f4cf7a1b,a491829a23483d3c821f337e76581ea81225287dbf2886ba78ef6f9156d2ef53
tool-10,tool,A2_INITIAL_ENGRAM_MEMORY,deterministic-local,10,0.9,SUCCESS,True,True,ccbe6319-6c3f-4503-9ff2-7fb1949656d4,,SIMULATED,0,0,b25d1686f7011d27391625eda00785d9f4cf7a1b,a491829a23483d3c821f337e76581ea81225287dbf2886ba78ef6f9156d2ef53
tool-10,tool,A3_IRRELEVANT_MEMORY,deterministic-local,10,0.95,SUCCESS,True,False,,,SIMULATED,0,0,b25d1686f7011d27391625eda00785d9f4cf7a1b,a491829a23483d3c821f337e76581ea81225287dbf2886ba78ef6f9156d2ef53
tool-10,tool,A4_STALE_OR_CONTRADICTORY,deterministic-local,10,0.0,NEUTRAL,False,False,,,SIMULATED,0,0,b25d1686f7011d27391625eda00785d9f4cf7a1b,a491829a23483d3c821f337e76581ea81225287dbf2886ba78ef6f9156d2ef53
tool-10,tool,A5_EVALUATED_UPDATED_MEMORY,deterministic-local,10,0.92,SUCCESS,True,True,cc076072-8f5d-4a00-ad53-52285406fae5,STRENGTHEN,SIMULATED,0,0,b25d1686f7011d27391625eda00785d9f4cf7a1b,a491829a23483d3c821f337e76581ea81225287dbf2886ba78ef6f9156d2ef53
handoff-10,handoff,A2_INITIAL_ENGRAM_MEMORY,deterministic-local,10,0.9,SUCCESS,True,True,53020be0-9017-4f46-8bb3-5751168aedd0,,SIMULATED,0,0,b25d1686f7011d27391625eda00785d9f4cf7a1b,a491829a23483d3c821f337e76581ea81225287dbf2886ba78ef6f9156d2ef53
handoff-10,handoff,A5_EVALUATED_UPDATED_MEMORY,deterministic-local,10,0.92,SUCCESS,True,True,b35914a5-db0f-4124-9da2-3ba1b7d668ef,STRENGTHEN,SIMULATED,0,0,b25d1686f7011d27391625eda00785d9f4cf7a1b,a491829a23483d3c821f337e76581ea81225287dbf2886ba78ef6f9156d2ef53
tool-11,tool,A0_NO_MEMORY,deterministic-local,11,-1.0,FAILURE,False,False,,,SIMULATED,1,0,b25d1686f7011d27391625eda00785d9f4cf7a1b,a491829a23483d3c821f337e76581ea81225287dbf2886ba78ef6f9156d2ef53
tool-11,tool,A1_RAW_HISTORY,deterministic-local,11,0.85,SUCCESS,True,False,,,SIMULATED,0,0,b25d1686f7011d27391625eda00785d9f4cf7a1b,a491829a23483d3c821f337e76581ea81225287dbf2886ba78ef6f9156d2ef53
tool-11,tool,A2_INITIAL_ENGRAM_MEMORY,deterministic-local,11,0.9,SUCCESS,True,True,7e192ba6-0c41-4be8-a73b-a78053d0f502,,SIMULATED,0,0,b25d1686f7011d27391625eda00785d9f4cf7a1b,a491829a23483d3c821f337e76581ea81225287dbf2886ba78ef6f9156d2ef53
tool-11,tool,A3_IRRELEVANT_MEMORY,deterministic-local,11,0.95,SUCCESS,True,False,,,SIMULATED,0,0,b25d1686f7011d27391625eda00785d9f4cf7a1b,a491829a23483d3c821f337e76581ea81225287dbf2886ba78ef6f9156d2ef53
tool-11,tool,A4_STALE_OR_CONTRADICTORY,deterministic-local,11,0.0,NEUTRAL,False,False,,,SIMULATED,0,0,b25d1686f7011d27391625eda00785d9f4cf7a1b,a491829a23483d3c821f337e76581ea81225287dbf2886ba78ef6f9156d2ef53
tool-11,tool,A5_EVALUATED_UPDATED_MEMORY,deterministic-local,11,0.92,SUCCESS,True,True,bc299099-062a-4e78-b468-3aed5f501c23,STRENGTHEN,SIMULATED,0,0,b25d1686f7011d27391625eda00785d9f4cf7a1b,a491829a23483d3c821f337e76581ea81225287dbf2886ba78ef6f9156d2ef53
handoff-11,handoff,A2_INITIAL_ENGRAM_MEMORY,deterministic-local,11,0.9,SUCCESS,True,True,457b2b82-d143-4f66-89eb-a21415fbc88f,,SIMULATED,0,0,b25d1686f7011d27391625eda00785d9f4cf7a1b,a491829a23483d3c821f337e76581ea81225287dbf2886ba78ef6f9156d2ef53
handoff-11,handoff,A5_EVALUATED_UPDATED_MEMORY,deterministic-local,11,0.92,SUCCESS,True,True,c9396848-a4b2-4bd6-9c97-79b684331169,STRENGTHEN,SIMULATED,0,0,b25d1686f7011d27391625eda00785d9f4cf7a1b,a491829a23483d3c821f337e76581ea81225287dbf2886ba78ef6f9156d2ef53
tool-12,tool,A0_NO_MEMORY,deterministic-local,12,-1.0,FAILURE,False,False,,,SIMULATED,1,0,b25d1686f7011d27391625eda00785d9f4cf7a1b,a491829a23483d3c821f337e76581ea81225287dbf2886ba78ef6f9156d2ef53
tool-12,tool,A1_RAW_HISTORY,deterministic-local,12,0.85,SUCCESS,True,False,,,SIMULATED,0,0,b25d1686f7011d27391625eda00785d9f4cf7a1b,a491829a23483d3c821f337e76581ea81225287dbf2886ba78ef6f9156d2ef53
tool-12,tool,A2_INITIAL_ENGRAM_MEMORY,deterministic-local,12,0.9,SUCCESS,True,True,859187f0-0e34-4713-998a-acebf59b5b9f,,SIMULATED,0,0,b25d1686f7011d27391625eda00785d9f4cf7a1b,a491829a23483d3c821f337e76581ea81225287dbf2886ba78ef6f9156d2ef53
tool-12,tool,A3_IRRELEVANT_MEMORY,deterministic-local,12,0.95,SUCCESS,True,False,,,SIMULATED,0,0,b25d1686f7011d27391625eda00785d9f4cf7a1b,a491829a23483d3c821f337e76581ea81225287dbf2886ba78ef6f9156d2ef53
tool-12,tool,A4_STALE_OR_CONTRADICTORY,deterministic-local,12,0.0,NEUTRAL,False,False,,,SIMULATED,0,0,b25d1686f7011d27391625eda00785d9f4cf7a1b,a491829a23483d3c821f337e76581ea81225287dbf2886ba78ef6f9156d2ef53
tool-12,tool,A5_EVALUATED_UPDATED_MEMORY,deterministic-local,12,0.92,SUCCESS,True,True,d56f7df7-a1cd-4fee-9e2f-095556223783,STRENGTHEN,SIMULATED,0,0,b25d1686f7011d27391625eda00785d9f4cf7a1b,a491829a23483d3c821f337e76581ea81225287dbf2886ba78ef6f9156d2ef53
handoff-12,handoff,A2_INITIAL_ENGRAM_MEMORY,deterministic-local,12,0.9,SUCCESS,True,True,27f8849d-ac12-4255-952f-05a89f1a2e73,,SIMULATED,0,0,b25d1686f7011d27391625eda00785d9f4cf7a1b,a491829a23483d3c821f337e76581ea81225287dbf2886ba78ef6f9156d2ef53
handoff-12,handoff,A5_EVALUATED_UPDATED_MEMORY,deterministic-local,12,0.92,SUCCESS,True,True,a1609c0b-206f-4186-a93f-b18c7ac62ed6,STRENGTHEN,SIMULATED,0,0,b25d1686f7011d27391625eda00785d9f4cf7a1b,a491829a23483d3c821f337e76581ea81225287dbf2886ba78ef6f9156d2ef53
tool-13,tool,A0_NO_MEMORY,deterministic-local,13,-1.0,FAILURE,False,False,,,SIMULATED,1,0,b25d1686f7011d27391625eda00785d9f4cf7a1b,a491829a23483d3c821f337e76581ea81225287dbf2886ba78ef6f9156d2ef53
tool-13,tool,A1_RAW_HISTORY,deterministic-local,13,0.85,SUCCESS,True,False,,,SIMULATED,0,0,b25d1686f7011d27391625eda00785d9f4cf7a1b,a491829a23483d3c821f337e76581ea81225287dbf2886ba78ef6f9156d2ef53
tool-13,tool,A2_INITIAL_ENGRAM_MEMORY,deterministic-local,13,0.9,SUCCESS,True,True,5a2c23a2-b199-4a05-9054-82e3c34ef1c3,,SIMULATED,0,0,b25d1686f7011d27391625eda00785d9f4cf7a1b,a491829a23483d3c821f337e76581ea81225287dbf2886ba78ef6f9156d2ef53
tool-13,tool,A3_IRRELEVANT_MEMORY,deterministic-local,13,0.95,SUCCESS,True,False,,,SIMULATED,0,0,b25d1686f7011d27391625eda00785d9f4cf7a1b,a491829a23483d3c821f337e76581ea81225287dbf2886ba78ef6f9156d2ef53
tool-13,tool,A4_STALE_OR_CONTRADICTORY,deterministic-local,13,0.0,NEUTRAL,False,False,,,SIMULATED,0,0,b25d1686f7011d27391625eda00785d9f4cf7a1b,a491829a23483d3c821f337e76581ea81225287dbf2886ba78ef6f9156d2ef53
tool-13,tool,A5_EVALUATED_UPDATED_MEMORY,deterministic-local,13,0.92,SUCCESS,True,True,e5436f66-2f8f-49cf-adf9-5433d32fdf6b,STRENGTHEN,SIMULATED,0,0,b25d1686f7011d27391625eda00785d9f4cf7a1b,a491829a23483d3c821f337e76581ea81225287dbf2886ba78ef6f9156d2ef53
handoff-13,handoff,A2_INITIAL_ENGRAM_MEMORY,deterministic-local,13,0.9,SUCCESS,True,True,ed879627-4aba-4921-a3a0-78e41044aee4,,SIMULATED,0,0,b25d1686f7011d27391625eda00785d9f4cf7a1b,a491829a23483d3c821f337e76581ea81225287dbf2886ba78ef6f9156d2ef53
handoff-13,handoff,A5_EVALUATED_UPDATED_MEMORY,deterministic-local,13,0.92,SUCCESS,True,True,e657bf4d-9dfb-4fc4-b65e-441c2f0f07e8,STRENGTHEN,SIMULATED,0,0,b25d1686f7011d27391625eda00785d9f4cf7a1b,a491829a23483d3c821f337e76581ea81225287dbf2886ba78ef6f9156d2ef53
tool-14,tool,A0_NO_MEMORY,deterministic-local,14,-1.0,FAILURE,False,False,,,SIMULATED,1,0,b25d1686f7011d27391625eda00785d9f4cf7a1b,a491829a23483d3c821f337e76581ea81225287dbf2886ba78ef6f9156d2ef53
tool-14,tool,A1_RAW_HISTORY,deterministic-local,14,0.85,SUCCESS,True,False,,,SIMULATED,0,0,b25d1686f7011d27391625eda00785d9f4cf7a1b,a491829a23483d3c821f337e76581ea81225287dbf2886ba78ef6f9156d2ef53
tool-14,tool,A2_INITIAL_ENGRAM_MEMORY,deterministic-local,14,0.9,SUCCESS,True,True,963e97ae-c328-4e4b-ac3f-efe80478599e,,SIMULATED,0,0,b25d1686f7011d27391625eda00785d9f4cf7a1b,a491829a23483d3c821f337e76581ea81225287dbf2886ba78ef6f9156d2ef53
tool-14,tool,A3_IRRELEVANT_MEMORY,deterministic-local,14,0.95,SUCCESS,True,False,,,SIMULATED,0,0,b25d1686f7011d27391625eda00785d9f4cf7a1b,a491829a23483d3c821f337e76581ea81225287dbf2886ba78ef6f9156d2ef53
tool-14,tool,A4_STALE_OR_CONTRADICTORY,deterministic-local,14,0.0,NEUTRAL,False,False,,,SIMULATED,0,0,b25d1686f7011d27391625eda00785d9f4cf7a1b,a491829a23483d3c821f337e76581ea81225287dbf2886ba78ef6f9156d2ef53
tool-14,tool,A5_EVALUATED_UPDATED_MEMORY,deterministic-local,14,0.92,SUCCESS,True,True,99cfbb31-afe9-4fba-8279-2bba18455b77,STRENGTHEN,SIMULATED,0,0,b25d1686f7011d27391625eda00785d9f4cf7a1b,a491829a23483d3c821f337e76581ea81225287dbf2886ba78ef6f9156d2ef53
handoff-14,handoff,A2_INITIAL_ENGRAM_MEMORY,deterministic-local,14,0.9,SUCCESS,True,True,5264dd1a-35ae-4fc5-b738-9e08f098e7ce,,SIMULATED,0,0,b25d1686f7011d27391625eda00785d9f4cf7a1b,a491829a23483d3c821f337e76581ea81225287dbf2886ba78ef6f9156d2ef53
handoff-14,handoff,A5_EVALUATED_UPDATED_MEMORY,deterministic-local,14,0.92,SUCCESS,True,True,bfe32c4e-8523-4f66-bdf8-ebc853e366e1,STRENGTHEN,SIMULATED,0,0,b25d1686f7011d27391625eda00785d9f4cf7a1b,a491829a23483d3c821f337e76581ea81225287dbf2886ba78ef6f9156d2ef53
tool-15,tool,A0_NO_MEMORY,deterministic-local,15,-1.0,FAILURE,False,False,,,SIMULATED,1,0,b25d1686f7011d27391625eda00785d9f4cf7a1b,a491829a23483d3c821f337e76581ea81225287dbf2886ba78ef6f9156d2ef53
tool-15,tool,A1_RAW_HISTORY,deterministic-local,15,0.85,SUCCESS,True,False,,,SIMULATED,0,0,b25d1686f7011d27391625eda00785d9f4cf7a1b,a491829a23483d3c821f337e76581ea81225287dbf2886ba78ef6f9156d2ef53
tool-15,tool,A2_INITIAL_ENGRAM_MEMORY,deterministic-local,15,0.9,SUCCESS,True,True,cdc0148d-103a-4bf2-88bb-dbe08c22541b,,SIMULATED,0,0,b25d1686f7011d27391625eda00785d9f4cf7a1b,a491829a23483d3c821f337e76581ea81225287dbf2886ba78ef6f9156d2ef53
tool-15,tool,A3_IRRELEVANT_MEMORY,deterministic-local,15,0.95,SUCCESS,True,False,,,SIMULATED,0,0,b25d1686f7011d27391625eda00785d9f4cf7a1b,a491829a23483d3c821f337e76581ea81225287dbf2886ba78ef6f9156d2ef53
tool-15,tool,A4_STALE_OR_CONTRADICTORY,deterministic-local,15,0.0,NEUTRAL,False,False,,,SIMULATED,0,0,b25d1686f7011d27391625eda00785d9f4cf7a1b,a491829a23483d3c821f337e76581ea81225287dbf2886ba78ef6f9156d2ef53
tool-15,tool,A5_EVALUATED_UPDATED_MEMORY,deterministic-local,15,0.92,SUCCESS,True,True,02168aa0-ae1b-4063-af71-af6bb9a697e8,STRENGTHEN,SIMULATED,0,0,b25d1686f7011d27391625eda00785d9f4cf7a1b,a491829a23483d3c821f337e76581ea81225287dbf2886ba78ef6f9156d2ef53
handoff-15,handoff,A2_INITIAL_ENGRAM_MEMORY,deterministic-local,15,0.9,SUCCESS,True,True,da5a34ac-2ee6-4501-a7a7-cadb348cac60,,SIMULATED,0,0,b25d1686f7011d27391625eda00785d9f4cf7a1b,a491829a23483d3c821f337e76581ea81225287dbf2886ba78ef6f9156d2ef53
handoff-15,handoff,A5_EVALUATED_UPDATED_MEMORY,deterministic-local,15,0.92,SUCCESS,True,True,3c294631-e370-426e-842b-c6ed23d86e78,STRENGTHEN,SIMULATED,0,0,b25d1686f7011d27391625eda00785d9f4cf7a1b,a491829a23483d3c821f337e76581ea81225287dbf2886ba78ef6f9156d2ef53
tool-16,tool,A0_NO_MEMORY,deterministic-local,16,-1.0,FAILURE,False,False,,,SIMULATED,1,0,b25d1686f7011d27391625eda00785d9f4cf7a1b,a491829a23483d3c821f337e76581ea81225287dbf2886ba78ef6f9156d2ef53
tool-16,tool,A1_RAW_HISTORY,deterministic-local,16,0.85,SUCCESS,True,False,,,SIMULATED,0,0,b25d1686f7011d27391625eda00785d9f4cf7a1b,a491829a23483d3c821f337e76581ea81225287dbf2886ba78ef6f9156d2ef53
tool-16,tool,A2_INITIAL_ENGRAM_MEMORY,deterministic-local,16,0.9,SUCCESS,True,True,4f14bcde-9e6e-484b-bc70-667bc13ac3f2,,SIMULATED,0,0,b25d1686f7011d27391625eda00785d9f4cf7a1b,a491829a23483d3c821f337e76581ea81225287dbf2886ba78ef6f9156d2ef53
tool-16,tool,A3_IRRELEVANT_MEMORY,deterministic-local,16,0.95,SUCCESS,True,False,,,SIMULATED,0,0,b25d1686f7011d27391625eda00785d9f4cf7a1b,a491829a23483d3c821f337e76581ea81225287dbf2886ba78ef6f9156d2ef53
tool-16,tool,A4_STALE_OR_CONTRADICTORY,deterministic-local,16,0.0,NEUTRAL,False,False,,,SIMULATED,0,0,b25d1686f7011d27391625eda00785d9f4cf7a1b,a491829a23483d3c821f337e76581ea81225287dbf2886ba78ef6f9156d2ef53
tool-16,tool,A5_EVALUATED_UPDATED_MEMORY,deterministic-local,16,0.92,SUCCESS,True,True,bdfca0fa-2ca6-4da0-b9e6-beba4e68832d,STRENGTHEN,SIMULATED,0,0,b25d1686f7011d27391625eda00785d9f4cf7a1b,a491829a23483d3c821f337e76581ea81225287dbf2886ba78ef6f9156d2ef53
handoff-16,handoff,A2_INITIAL_ENGRAM_MEMORY,deterministic-local,16,0.9,SUCCESS,True,True,5fc1d5fe-706e-4792-910d-fceb323dd335,,SIMULATED,0,0,b25d1686f7011d27391625eda00785d9f4cf7a1b,a491829a23483d3c821f337e76581ea81225287dbf2886ba78ef6f9156d2ef53
handoff-16,handoff,A5_EVALUATED_UPDATED_MEMORY,deterministic-local,16,0.92,SUCCESS,True,True,f357212a-88cd-4723-ad4a-f629917c85c0,STRENGTHEN,SIMULATED,0,0,b25d1686f7011d27391625eda00785d9f4cf7a1b,a491829a23483d3c821f337e76581ea81225287dbf2886ba78ef6f9156d2ef53
tool-17,tool,A0_NO_MEMORY,deterministic-local,17,-1.0,FAILURE,False,False,,,SIMULATED,1,0,b25d1686f7011d27391625eda00785d9f4cf7a1b,a491829a23483d3c821f337e76581ea81225287dbf2886ba78ef6f9156d2ef53
tool-17,tool,A1_RAW_HISTORY,deterministic-local,17,0.85,SUCCESS,True,False,,,SIMULATED,0,0,b25d1686f7011d27391625eda00785d9f4cf7a1b,a491829a23483d3c821f337e76581ea81225287dbf2886ba78ef6f9156d2ef53
tool-17,tool,A2_INITIAL_ENGRAM_MEMORY,deterministic-local,17,0.9,SUCCESS,True,True,7aaf9cb9-9b09-4245-bc73-00ac345e6286,,SIMULATED,0,0,b25d1686f7011d27391625eda00785d9f4cf7a1b,a491829a23483d3c821f337e76581ea81225287dbf2886ba78ef6f9156d2ef53
tool-17,tool,A3_IRRELEVANT_MEMORY,deterministic-local,17,0.95,SUCCESS,True,False,,,SIMULATED,0,0,b25d1686f7011d27391625eda00785d9f4cf7a1b,a491829a23483d3c821f337e76581ea81225287dbf2886ba78ef6f9156d2ef53
tool-17,tool,A4_STALE_OR_CONTRADICTORY,deterministic-local,17,0.0,NEUTRAL,False,False,,,SIMULATED,0,0,b25d1686f7011d27391625eda00785d9f4cf7a1b,a491829a23483d3c821f337e76581ea81225287dbf2886ba78ef6f9156d2ef53
tool-17,tool,A5_EVALUATED_UPDATED_MEMORY,deterministic-local,17,0.92,SUCCESS,True,True,9ffd2794-b3ad-409f-b684-b124406d418d,STRENGTHEN,SIMULATED,0,0,b25d1686f7011d27391625eda00785d9f4cf7a1b,a491829a23483d3c821f337e76581ea81225287dbf2886ba78ef6f9156d2ef53
handoff-17,handoff,A2_INITIAL_ENGRAM_MEMORY,deterministic-local,17,0.9,SUCCESS,True,True,3c948277-b439-4793-93af-31790350d0f6,,SIMULATED,0,0,b25d1686f7011d27391625eda00785d9f4cf7a1b,a491829a23483d3c821f337e76581ea81225287dbf2886ba78ef6f9156d2ef53
handoff-17,handoff,A5_EVALUATED_UPDATED_MEMORY,deterministic-local,17,0.92,SUCCESS,True,True,44740ff7-4fd5-4c76-84ae-9a066887b573,STRENGTHEN,SIMULATED,0,0,b25d1686f7011d27391625eda00785d9f4cf7a1b,a491829a23483d3c821f337e76581ea81225287dbf2886ba78ef6f9156d2ef53
tool-18,tool,A0_NO_MEMORY,deterministic-local,18,-1.0,FAILURE,False,False,,,SIMULATED,1,0,b25d1686f7011d27391625eda00785d9f4cf7a1b,a491829a23483d3c821f337e76581ea81225287dbf2886ba78ef6f9156d2ef53
tool-18,tool,A1_RAW_HISTORY,deterministic-local,18,0.85,SUCCESS,True,False,,,SIMULATED,0,0,b25d1686f7011d27391625eda00785d9f4cf7a1b,a491829a23483d3c821f337e76581ea81225287dbf2886ba78ef6f9156d2ef53
tool-18,tool,A2_INITIAL_ENGRAM_MEMORY,deterministic-local,18,0.9,SUCCESS,True,True,5a5c1e04-5396-4c63-8391-dd0dc84a316e,,SIMULATED,0,0,b25d1686f7011d27391625eda00785d9f4cf7a1b,a491829a23483d3c821f337e76581ea81225287dbf2886ba78ef6f9156d2ef53
tool-18,tool,A3_IRRELEVANT_MEMORY,deterministic-local,18,0.95,SUCCESS,True,False,,,SIMULATED,0,0,b25d1686f7011d27391625eda00785d9f4cf7a1b,a491829a23483d3c821f337e76581ea81225287dbf2886ba78ef6f9156d2ef53
tool-18,tool,A4_STALE_OR_CONTRADICTORY,deterministic-local,18,0.0,NEUTRAL,False,False,,,SIMULATED,0,0,b25d1686f7011d27391625eda00785d9f4cf7a1b,a491829a23483d3c821f337e76581ea81225287dbf2886ba78ef6f9156d2ef53
tool-18,tool,A5_EVALUATED_UPDATED_MEMORY,deterministic-local,18,0.92,SUCCESS,True,True,965ed55f-a6c3-44fa-b3ca-0ddad312d0f1,STRENGTHEN,SIMULATED,0,0,b25d1686f7011d27391625eda00785d9f4cf7a1b,a491829a23483d3c821f337e76581ea81225287dbf2886ba78ef6f9156d2ef53
handoff-18,handoff,A2_INITIAL_ENGRAM_MEMORY,deterministic-local,18,0.9,SUCCESS,True,True,3bbcdb98-92ea-4d7b-a8b5-b53e7597086f,,SIMULATED,0,0,b25d1686f7011d27391625eda00785d9f4cf7a1b,a491829a23483d3c821f337e76581ea81225287dbf2886ba78ef6f9156d2ef53
handoff-18,handoff,A5_EVALUATED_UPDATED_MEMORY,deterministic-local,18,0.92,SUCCESS,True,True,c1c46ba5-292b-4618-95a7-a09148cd0fa4,STRENGTHEN,SIMULATED,0,0,b25d1686f7011d27391625eda00785d9f4cf7a1b,a491829a23483d3c821f337e76581ea81225287dbf2886ba78ef6f9156d2ef53
tool-19,tool,A0_NO_MEMORY,deterministic-local,19,-1.0,FAILURE,False,False,,,SIMULATED,1,0,b25d1686f7011d27391625eda00785d9f4cf7a1b,a491829a23483d3c821f337e76581ea81225287dbf2886ba78ef6f9156d2ef53
tool-19,tool,A1_RAW_HISTORY,deterministic-local,19,0.85,SUCCESS,True,False,,,SIMULATED,0,0,b25d1686f7011d27391625eda00785d9f4cf7a1b,a491829a23483d3c821f337e76581ea81225287dbf2886ba78ef6f9156d2ef53
tool-19,tool,A2_INITIAL_ENGRAM_MEMORY,deterministic-local,19,0.9,SUCCESS,True,True,b6ad3e16-90ca-4058-a9b9-cc20a1cbe96a,,SIMULATED,0,0,b25d1686f7011d27391625eda00785d9f4cf7a1b,a491829a23483d3c821f337e76581ea81225287dbf2886ba78ef6f9156d2ef53
tool-19,tool,A3_IRRELEVANT_MEMORY,deterministic-local,19,0.95,SUCCESS,True,False,,,SIMULATED,0,0,b25d1686f7011d27391625eda00785d9f4cf7a1b,a491829a23483d3c821f337e76581ea81225287dbf2886ba78ef6f9156d2ef53
tool-19,tool,A4_STALE_OR_CONTRADICTORY,deterministic-local,19,0.0,NEUTRAL,False,False,,,SIMULATED,0,0,b25d1686f7011d27391625eda00785d9f4cf7a1b,a491829a23483d3c821f337e76581ea81225287dbf2886ba78ef6f9156d2ef53
tool-19,tool,A5_EVALUATED_UPDATED_MEMORY,deterministic-local,19,0.92,SUCCESS,True,True,c849b2cb-0927-45a9-8001-5632bdd805b3,STRENGTHEN,SIMULATED,0,0,b25d1686f7011d27391625eda00785d9f4cf7a1b,a491829a23483d3c821f337e76581ea81225287dbf2886ba78ef6f9156d2ef53
handoff-19,handoff,A2_INITIAL_ENGRAM_MEMORY,deterministic-local,19,0.9,SUCCESS,True,True,b8717824-4848-432d-b915-a3f569f71fcb,,SIMULATED,0,0,b25d1686f7011d27391625eda00785d9f4cf7a1b,a491829a23483d3c821f337e76581ea81225287dbf2886ba78ef6f9156d2ef53
handoff-19,handoff,A5_EVALUATED_UPDATED_MEMORY,deterministic-local,19,0.92,SUCCESS,True,True,342a3b01-bfae-40cd-b403-28da591a13b3,STRENGTHEN,SIMULATED,0,0,b25d1686f7011d27391625eda00785d9f4cf7a1b,a491829a23483d3c821f337e76581ea81225287dbf2886ba78ef6f9156d2ef53
tool-20,tool,A0_NO_MEMORY,deterministic-local,20,-1.0,FAILURE,False,False,,,SIMULATED,1,0,b25d1686f7011d27391625eda00785d9f4cf7a1b,a491829a23483d3c821f337e76581ea81225287dbf2886ba78ef6f9156d2ef53
tool-20,tool,A1_RAW_HISTORY,deterministic-local,20,0.85,SUCCESS,True,False,,,SIMULATED,0,0,b25d1686f7011d27391625eda00785d9f4cf7a1b,a491829a23483d3c821f337e76581ea81225287dbf2886ba78ef6f9156d2ef53
tool-20,tool,A2_INITIAL_ENGRAM_MEMORY,deterministic-local,20,0.9,SUCCESS,True,True,54ad3972-8079-4ca9-814e-afced3803e09,,SIMULATED,0,0,b25d1686f7011d27391625eda00785d9f4cf7a1b,a491829a23483d3c821f337e76581ea81225287dbf2886ba78ef6f9156d2ef53
tool-20,tool,A3_IRRELEVANT_MEMORY,deterministic-local,20,0.95,SUCCESS,True,False,,,SIMULATED,0,0,b25d1686f7011d27391625eda00785d9f4cf7a1b,a491829a23483d3c821f337e76581ea81225287dbf2886ba78ef6f9156d2ef53
tool-20,tool,A4_STALE_OR_CONTRADICTORY,deterministic-local,20,0.0,NEUTRAL,False,False,,,SIMULATED,0,0,b25d1686f7011d27391625eda00785d9f4cf7a1b,a491829a23483d3c821f337e76581ea81225287dbf2886ba78ef6f9156d2ef53
tool-20,tool,A5_EVALUATED_UPDATED_MEMORY,deterministic-local,20,0.92,SUCCESS,True,True,0fae977b-25de-4167-a949-5c3a72a8743f,STRENGTHEN,SIMULATED,0,0,b25d1686f7011d27391625eda00785d9f4cf7a1b,a491829a23483d3c821f337e76581ea81225287dbf2886ba78ef6f9156d2ef53
handoff-20,handoff,A2_INITIAL_ENGRAM_MEMORY,deterministic-local,20,0.9,SUCCESS,True,True,4dd181d4-8c5f-4c32-912f-43bac89c290b,,SIMULATED,0,0,b25d1686f7011d27391625eda00785d9f4cf7a1b,a491829a23483d3c821f337e76581ea81225287dbf2886ba78ef6f9156d2ef53
handoff-20,handoff,A5_EVALUATED_UPDATED_MEMORY,deterministic-local,20,0.92,SUCCESS,True,True,5184b627-9180-44fd-8642-ebaa83a9a27a,STRENGTHEN,SIMULATED,0,0,b25d1686f7011d27391625eda00785d9f4cf7a1b,a491829a23483d3c821f337e76581ea81225287dbf2886ba78ef6f9156d2ef53
tool-21,tool,A0_NO_MEMORY,deterministic-local,21,-1.0,FAILURE,False,False,,,SIMULATED,1,0,b25d1686f7011d27391625eda00785d9f4cf7a1b,a491829a23483d3c821f337e76581ea81225287dbf2886ba78ef6f9156d2ef53
tool-21,tool,A1_RAW_HISTORY,deterministic-local,21,0.85,SUCCESS,True,False,,,SIMULATED,0,0,b25d1686f7011d27391625eda00785d9f4cf7a1b,a491829a23483d3c821f337e76581ea81225287dbf2886ba78ef6f9156d2ef53
tool-21,tool,A2_INITIAL_ENGRAM_MEMORY,deterministic-local,21,0.9,SUCCESS,True,True,23708aaf-1a4c-4e22-8b09-41bdd2f5bd0d,,SIMULATED,0,0,b25d1686f7011d27391625eda00785d9f4cf7a1b,a491829a23483d3c821f337e76581ea81225287dbf2886ba78ef6f9156d2ef53
tool-21,tool,A3_IRRELEVANT_MEMORY,deterministic-local,21,0.95,SUCCESS,True,False,,,SIMULATED,0,0,b25d1686f7011d27391625eda00785d9f4cf7a1b,a491829a23483d3c821f337e76581ea81225287dbf2886ba78ef6f9156d2ef53
tool-21,tool,A4_STALE_OR_CONTRADICTORY,deterministic-local,21,0.0,NEUTRAL,False,False,,,SIMULATED,0,0,b25d1686f7011d27391625eda00785d9f4cf7a1b,a491829a23483d3c821f337e76581ea81225287dbf2886ba78ef6f9156d2ef53
tool-21,tool,A5_EVALUATED_UPDATED_MEMORY,deterministic-local,21,0.92,SUCCESS,True,True,6103f7ab-11df-46fe-824a-08a60b721202,STRENGTHEN,SIMULATED,0,0,b25d1686f7011d27391625eda00785d9f4cf7a1b,a491829a23483d3c821f337e76581ea81225287dbf2886ba78ef6f9156d2ef53
handoff-21,handoff,A2_INITIAL_ENGRAM_MEMORY,deterministic-local,21,0.9,SUCCESS,True,True,b1ecbc2f-01fc-4aa6-8c6a-6ea240c309e5,,SIMULATED,0,0,b25d1686f7011d27391625eda00785d9f4cf7a1b,a491829a23483d3c821f337e76581ea81225287dbf2886ba78ef6f9156d2ef53
handoff-21,handoff,A5_EVALUATED_UPDATED_MEMORY,deterministic-local,21,0.92,SUCCESS,True,True,e8c4ae4b-f99b-4fee-8b99-75bc2e02b953,STRENGTHEN,SIMULATED,0,0,b25d1686f7011d27391625eda00785d9f4cf7a1b,a491829a23483d3c821f337e76581ea81225287dbf2886ba78ef6f9156d2ef53
tool-22,tool,A0_NO_MEMORY,deterministic-local,22,-1.0,FAILURE,False,False,,,SIMULATED,1,0,b25d1686f7011d27391625eda00785d9f4cf7a1b,a491829a23483d3c821f337e76581ea81225287dbf2886ba78ef6f9156d2ef53
tool-22,tool,A1_RAW_HISTORY,deterministic-local,22,0.85,SUCCESS,True,False,,,SIMULATED,0,0,b25d1686f7011d27391625eda00785d9f4cf7a1b,a491829a23483d3c821f337e76581ea81225287dbf2886ba78ef6f9156d2ef53
tool-22,tool,A2_INITIAL_ENGRAM_MEMORY,deterministic-local,22,0.9,SUCCESS,True,True,de754616-15d4-424b-813b-a0eb8c18dce1,,SIMULATED,0,0,b25d1686f7011d27391625eda00785d9f4cf7a1b,a491829a23483d3c821f337e76581ea81225287dbf2886ba78ef6f9156d2ef53
tool-22,tool,A3_IRRELEVANT_MEMORY,deterministic-local,22,0.95,SUCCESS,True,False,,,SIMULATED,0,0,b25d1686f7011d27391625eda00785d9f4cf7a1b,a491829a23483d3c821f337e76581ea81225287dbf2886ba78ef6f9156d2ef53
tool-22,tool,A4_STALE_OR_CONTRADICTORY,deterministic-local,22,0.0,NEUTRAL,False,False,,,SIMULATED,0,0,b25d1686f7011d27391625eda00785d9f4cf7a1b,a491829a23483d3c821f337e76581ea81225287dbf2886ba78ef6f9156d2ef53
tool-22,tool,A5_EVALUATED_UPDATED_MEMORY,deterministic-local,22,0.92,SUCCESS,True,True,a0dd0448-75b5-445c-a958-f2d068d0d575,STRENGTHEN,SIMULATED,0,0,b25d1686f7011d27391625eda00785d9f4cf7a1b,a491829a23483d3c821f337e76581ea81225287dbf2886ba78ef6f9156d2ef53
handoff-22,handoff,A2_INITIAL_ENGRAM_MEMORY,deterministic-local,22,0.9,SUCCESS,True,True,bc734b55-d146-4120-ae08-a276350c2bef,,SIMULATED,0,0,b25d1686f7011d27391625eda00785d9f4cf7a1b,a491829a23483d3c821f337e76581ea81225287dbf2886ba78ef6f9156d2ef53
handoff-22,handoff,A5_EVALUATED_UPDATED_MEMORY,deterministic-local,22,0.92,SUCCESS,True,True,31187fb8-3900-4b02-aee6-c69f854934db,STRENGTHEN,SIMULATED,0,0,b25d1686f7011d27391625eda00785d9f4cf7a1b,a491829a23483d3c821f337e76581ea81225287dbf2886ba78ef6f9156d2ef53
tool-23,tool,A0_NO_MEMORY,deterministic-local,23,-1.0,FAILURE,False,False,,,SIMULATED,1,0,b25d1686f7011d27391625eda00785d9f4cf7a1b,a491829a23483d3c821f337e76581ea81225287dbf2886ba78ef6f9156d2ef53
tool-23,tool,A1_RAW_HISTORY,deterministic-local,23,0.85,SUCCESS,True,False,,,SIMULATED,0,0,b25d1686f7011d27391625eda00785d9f4cf7a1b,a491829a23483d3c821f337e76581ea81225287dbf2886ba78ef6f9156d2ef53
tool-23,tool,A2_INITIAL_ENGRAM_MEMORY,deterministic-local,23,0.9,SUCCESS,True,True,6ede95ba-4bf1-4354-8030-4a9aaa4d7992,,SIMULATED,0,0,b25d1686f7011d27391625eda00785d9f4cf7a1b,a491829a23483d3c821f337e76581ea81225287dbf2886ba78ef6f9156d2ef53
tool-23,tool,A3_IRRELEVANT_MEMORY,deterministic-local,23,0.95,SUCCESS,True,False,,,SIMULATED,0,0,b25d1686f7011d27391625eda00785d9f4cf7a1b,a491829a23483d3c821f337e76581ea81225287dbf2886ba78ef6f9156d2ef53
tool-23,tool,A4_STALE_OR_CONTRADICTORY,deterministic-local,23,0.0,NEUTRAL,False,False,,,SIMULATED,0,0,b25d1686f7011d27391625eda00785d9f4cf7a1b,a491829a23483d3c821f337e76581ea81225287dbf2886ba78ef6f9156d2ef53
tool-23,tool,A5_EVALUATED_UPDATED_MEMORY,deterministic-local,23,0.92,SUCCESS,True,True,08021cab-08fa-494d-998c-cc2a4f5f66bb,STRENGTHEN,SIMULATED,0,0,b25d1686f7011d27391625eda00785d9f4cf7a1b,a491829a23483d3c821f337e76581ea81225287dbf2886ba78ef6f9156d2ef53
handoff-23,handoff,A2_INITIAL_ENGRAM_MEMORY,deterministic-local,23,0.9,SUCCESS,True,True,2fe21f83-070a-468a-80f4-b0abd41b8f38,,SIMULATED,0,0,b25d1686f7011d27391625eda00785d9f4cf7a1b,a491829a23483d3c821f337e76581ea81225287dbf2886ba78ef6f9156d2ef53
handoff-23,handoff,A5_EVALUATED_UPDATED_MEMORY,deterministic-local,23,0.92,SUCCESS,True,True,fd614774-87d9-45fa-8435-60c12204619d,STRENGTHEN,SIMULATED,0,0,b25d1686f7011d27391625eda00785d9f4cf7a1b,a491829a23483d3c821f337e76581ea81225287dbf2886ba78ef6f9156d2ef53
tool-24,tool,A0_NO_MEMORY,deterministic-local,24,-1.0,FAILURE,False,False,,,SIMULATED,1,0,b25d1686f7011d27391625eda00785d9f4cf7a1b,a491829a23483d3c821f337e76581ea81225287dbf2886ba78ef6f9156d2ef53
tool-24,tool,A1_RAW_HISTORY,deterministic-local,24,0.85,SUCCESS,True,False,,,SIMULATED,0,0,b25d1686f7011d27391625eda00785d9f4cf7a1b,a491829a23483d3c821f337e76581ea81225287dbf2886ba78ef6f9156d2ef53
tool-24,tool,A2_INITIAL_ENGRAM_MEMORY,deterministic-local,24,0.9,SUCCESS,True,True,b99f962a-bb64-494b-9773-ff810140055d,,SIMULATED,0,0,b25d1686f7011d27391625eda00785d9f4cf7a1b,a491829a23483d3c821f337e76581ea81225287dbf2886ba78ef6f9156d2ef53
tool-24,tool,A3_IRRELEVANT_MEMORY,deterministic-local,24,0.95,SUCCESS,True,False,,,SIMULATED,0,0,b25d1686f7011d27391625eda00785d9f4cf7a1b,a491829a23483d3c821f337e76581ea81225287dbf2886ba78ef6f9156d2ef53
tool-24,tool,A4_STALE_OR_CONTRADICTORY,deterministic-local,24,0.0,NEUTRAL,False,False,,,SIMULATED,0,0,b25d1686f7011d27391625eda00785d9f4cf7a1b,a491829a23483d3c821f337e76581ea81225287dbf2886ba78ef6f9156d2ef53
tool-24,tool,A5_EVALUATED_UPDATED_MEMORY,deterministic-local,24,0.92,SUCCESS,True,True,3a458faa-a387-4b6d-8b51-cfc79b397176,STRENGTHEN,SIMULATED,0,0,b25d1686f7011d27391625eda00785d9f4cf7a1b,a491829a23483d3c821f337e76581ea81225287dbf2886ba78ef6f9156d2ef53
handoff-24,handoff,A2_INITIAL_ENGRAM_MEMORY,deterministic-local,24,0.9,SUCCESS,True,True,1a5af138-4de5-4538-9967-b50bc281ff57,,SIMULATED,0,0,b25d1686f7011d27391625eda00785d9f4cf7a1b,a491829a23483d3c821f337e76581ea81225287dbf2886ba78ef6f9156d2ef53
handoff-24,handoff,A5_EVALUATED_UPDATED_MEMORY,deterministic-local,24,0.92,SUCCESS,True,True,9a9679ce-7c2a-4bb4-b679-d1fbbe343803,STRENGTHEN,SIMULATED,0,0,b25d1686f7011d27391625eda00785d9f4cf7a1b,a491829a23483d3c821f337e76581ea81225287dbf2886ba78ef6f9156d2ef53
tool-25,tool,A0_NO_MEMORY,deterministic-local,25,-1.0,FAILURE,False,False,,,SIMULATED,1,0,b25d1686f7011d27391625eda00785d9f4cf7a1b,a491829a23483d3c821f337e76581ea81225287dbf2886ba78ef6f9156d2ef53
tool-25,tool,A1_RAW_HISTORY,deterministic-local,25,0.85,SUCCESS,True,False,,,SIMULATED,0,0,b25d1686f7011d27391625eda00785d9f4cf7a1b,a491829a23483d3c821f337e76581ea81225287dbf2886ba78ef6f9156d2ef53
tool-25,tool,A2_INITIAL_ENGRAM_MEMORY,deterministic-local,25,0.9,SUCCESS,True,True,0f776f91-1bc1-410b-a792-1a5f064bd907,,SIMULATED,0,0,b25d1686f7011d27391625eda00785d9f4cf7a1b,a491829a23483d3c821f337e76581ea81225287dbf2886ba78ef6f9156d2ef53
tool-25,tool,A3_IRRELEVANT_MEMORY,deterministic-local,25,0.95,SUCCESS,True,False,,,SIMULATED,0,0,b25d1686f7011d27391625eda00785d9f4cf7a1b,a491829a23483d3c821f337e76581ea81225287dbf2886ba78ef6f9156d2ef53
tool-25,tool,A4_STALE_OR_CONTRADICTORY,deterministic-local,25,0.0,NEUTRAL,False,False,,,SIMULATED,0,0,b25d1686f7011d27391625eda00785d9f4cf7a1b,a491829a23483d3c821f337e76581ea81225287dbf2886ba78ef6f9156d2ef53
tool-25,tool,A5_EVALUATED_UPDATED_MEMORY,deterministic-local,25,0.92,SUCCESS,True,True,cad04715-2930-4029-ba13-c104f003d561,STRENGTHEN,SIMULATED,0,0,b25d1686f7011d27391625eda00785d9f4cf7a1b,a491829a23483d3c821f337e76581ea81225287dbf2886ba78ef6f9156d2ef53
handoff-25,handoff,A2_INITIAL_ENGRAM_MEMORY,deterministic-local,25,0.9,SUCCESS,True,True,6d2df823-a78f-4e7f-b673-9b4c6e1929b1,,SIMULATED,0,0,b25d1686f7011d27391625eda00785d9f4cf7a1b,a491829a23483d3c821f337e76581ea81225287dbf2886ba78ef6f9156d2ef53
handoff-25,handoff,A5_EVALUATED_UPDATED_MEMORY,deterministic-local,25,0.92,SUCCESS,True,True,6d8cb077-0240-45c2-8b2a-78778788045e,STRENGTHEN,SIMULATED,0,0,b25d1686f7011d27391625eda00785d9f4cf7a1b,a491829a23483d3c821f337e76581ea81225287dbf2886ba78ef6f9156d2ef53
tool-26,tool,A0_NO_MEMORY,deterministic-local,26,-1.0,FAILURE,False,False,,,SIMULATED,1,0,b25d1686f7011d27391625eda00785d9f4cf7a1b,a491829a23483d3c821f337e76581ea81225287dbf2886ba78ef6f9156d2ef53
tool-26,tool,A1_RAW_HISTORY,deterministic-local,26,0.85,SUCCESS,True,False,,,SIMULATED,0,0,b25d1686f7011d27391625eda00785d9f4cf7a1b,a491829a23483d3c821f337e76581ea81225287dbf2886ba78ef6f9156d2ef53
tool-26,tool,A2_INITIAL_ENGRAM_MEMORY,deterministic-local,26,0.9,SUCCESS,True,True,9647bd24-1591-40f3-aea3-57f16525cd3b,,SIMULATED,0,0,b25d1686f7011d27391625eda00785d9f4cf7a1b,a491829a23483d3c821f337e76581ea81225287dbf2886ba78ef6f9156d2ef53
tool-26,tool,A3_IRRELEVANT_MEMORY,deterministic-local,26,0.95,SUCCESS,True,False,,,SIMULATED,0,0,b25d1686f7011d27391625eda00785d9f4cf7a1b,a491829a23483d3c821f337e76581ea81225287dbf2886ba78ef6f9156d2ef53
tool-26,tool,A4_STALE_OR_CONTRADICTORY,deterministic-local,26,0.0,NEUTRAL,False,False,,,SIMULATED,0,0,b25d1686f7011d27391625eda00785d9f4cf7a1b,a491829a23483d3c821f337e76581ea81225287dbf2886ba78ef6f9156d2ef53
tool-26,tool,A5_EVALUATED_UPDATED_MEMORY,deterministic-local,26,0.92,SUCCESS,True,True,6c4ff491-d403-4d0b-a5de-4a7abf4ae23d,STRENGTHEN,SIMULATED,0,0,b25d1686f7011d27391625eda00785d9f4cf7a1b,a491829a23483d3c821f337e76581ea81225287dbf2886ba78ef6f9156d2ef53
handoff-26,handoff,A2_INITIAL_ENGRAM_MEMORY,deterministic-local,26,0.9,SUCCESS,True,True,b74f33fd-f7c3-4359-a7c6-1c722126d9d0,,SIMULATED,0,0,b25d1686f7011d27391625eda00785d9f4cf7a1b,a491829a23483d3c821f337e76581ea81225287dbf2886ba78ef6f9156d2ef53
handoff-26,handoff,A5_EVALUATED_UPDATED_MEMORY,deterministic-local,26,0.92,SUCCESS,True,True,de05234b-d562-4667-83bb-ea1965134453,STRENGTHEN,SIMULATED,0,0,b25d1686f7011d27391625eda00785d9f4cf7a1b,a491829a23483d3c821f337e76581ea81225287dbf2886ba78ef6f9156d2ef53
tool-27,tool,A0_NO_MEMORY,deterministic-local,27,-1.0,FAILURE,False,False,,,SIMULATED,1,0,b25d1686f7011d27391625eda00785d9f4cf7a1b,a491829a23483d3c821f337e76581ea81225287dbf2886ba78ef6f9156d2ef53
tool-27,tool,A1_RAW_HISTORY,deterministic-local,27,0.85,SUCCESS,True,False,,,SIMULATED,0,0,b25d1686f7011d27391625eda00785d9f4cf7a1b,a491829a23483d3c821f337e76581ea81225287dbf2886ba78ef6f9156d2ef53
tool-27,tool,A2_INITIAL_ENGRAM_MEMORY,deterministic-local,27,0.9,SUCCESS,True,True,75991819-2efc-4cfb-8d28-6933919cb591,,SIMULATED,0,0,b25d1686f7011d27391625eda00785d9f4cf7a1b,a491829a23483d3c821f337e76581ea81225287dbf2886ba78ef6f9156d2ef53
tool-27,tool,A3_IRRELEVANT_MEMORY,deterministic-local,27,0.95,SUCCESS,True,False,,,SIMULATED,0,0,b25d1686f7011d27391625eda00785d9f4cf7a1b,a491829a23483d3c821f337e76581ea81225287dbf2886ba78ef6f9156d2ef53
tool-27,tool,A4_STALE_OR_CONTRADICTORY,deterministic-local,27,0.0,NEUTRAL,False,False,,,SIMULATED,0,0,b25d1686f7011d27391625eda00785d9f4cf7a1b,a491829a23483d3c821f337e76581ea81225287dbf2886ba78ef6f9156d2ef53
tool-27,tool,A5_EVALUATED_UPDATED_MEMORY,deterministic-local,27,0.92,SUCCESS,True,True,5ed55618-2a91-4256-b249-4a515def31ca,STRENGTHEN,SIMULATED,0,0,b25d1686f7011d27391625eda00785d9f4cf7a1b,a491829a23483d3c821f337e76581ea81225287dbf2886ba78ef6f9156d2ef53
handoff-27,handoff,A2_INITIAL_ENGRAM_MEMORY,deterministic-local,27,0.9,SUCCESS,True,True,6b134b09-faed-4b22-9ad2-25e4c5acf9dd,,SIMULATED,0,0,b25d1686f7011d27391625eda00785d9f4cf7a1b,a491829a23483d3c821f337e76581ea81225287dbf2886ba78ef6f9156d2ef53
handoff-27,handoff,A5_EVALUATED_UPDATED_MEMORY,deterministic-local,27,0.92,SUCCESS,True,True,b753b555-97ff-48f5-99de-021bcd9b4061,STRENGTHEN,SIMULATED,0,0,b25d1686f7011d27391625eda00785d9f4cf7a1b,a491829a23483d3c821f337e76581ea81225287dbf2886ba78ef6f9156d2ef53
tool-28,tool,A0_NO_MEMORY,deterministic-local,28,-1.0,FAILURE,False,False,,,SIMULATED,1,0,b25d1686f7011d27391625eda00785d9f4cf7a1b,a491829a23483d3c821f337e76581ea81225287dbf2886ba78ef6f9156d2ef53
tool-28,tool,A1_RAW_HISTORY,deterministic-local,28,0.85,SUCCESS,True,False,,,SIMULATED,0,0,b25d1686f7011d27391625eda00785d9f4cf7a1b,a491829a23483d3c821f337e76581ea81225287dbf2886ba78ef6f9156d2ef53
tool-28,tool,A2_INITIAL_ENGRAM_MEMORY,deterministic-local,28,0.9,SUCCESS,True,True,19b04e2b-4412-4dc2-904c-491a58e17152,,SIMULATED,0,0,b25d1686f7011d27391625eda00785d9f4cf7a1b,a491829a23483d3c821f337e76581ea81225287dbf2886ba78ef6f9156d2ef53
tool-28,tool,A3_IRRELEVANT_MEMORY,deterministic-local,28,0.95,SUCCESS,True,False,,,SIMULATED,0,0,b25d1686f7011d27391625eda00785d9f4cf7a1b,a491829a23483d3c821f337e76581ea81225287dbf2886ba78ef6f9156d2ef53
tool-28,tool,A4_STALE_OR_CONTRADICTORY,deterministic-local,28,0.0,NEUTRAL,False,False,,,SIMULATED,0,0,b25d1686f7011d27391625eda00785d9f4cf7a1b,a491829a23483d3c821f337e76581ea81225287dbf2886ba78ef6f9156d2ef53
tool-28,tool,A5_EVALUATED_UPDATED_MEMORY,deterministic-local,28,0.92,SUCCESS,True,True,b128806f-a957-4aaa-9f6a-ad599a6e7665,STRENGTHEN,SIMULATED,0,0,b25d1686f7011d27391625eda00785d9f4cf7a1b,a491829a23483d3c821f337e76581ea81225287dbf2886ba78ef6f9156d2ef53
handoff-28,handoff,A2_INITIAL_ENGRAM_MEMORY,deterministic-local,28,0.9,SUCCESS,True,True,decf3c7f-8c82-4469-8a93-8eceadbbfe75,,SIMULATED,0,0,b25d1686f7011d27391625eda00785d9f4cf7a1b,a491829a23483d3c821f337e76581ea81225287dbf2886ba78ef6f9156d2ef53
handoff-28,handoff,A5_EVALUATED_UPDATED_MEMORY,deterministic-local,28,0.92,SUCCESS,True,True,b1f31eef-886c-4ae9-91b5-6484bdecd3eb,STRENGTHEN,SIMULATED,0,0,b25d1686f7011d27391625eda00785d9f4cf7a1b,a491829a23483d3c821f337e76581ea81225287dbf2886ba78ef6f9156d2ef53
tool-29,tool,A0_NO_MEMORY,deterministic-local,29,-1.0,FAILURE,False,False,,,SIMULATED,1,0,b25d1686f7011d27391625eda00785d9f4cf7a1b,a491829a23483d3c821f337e76581ea81225287dbf2886ba78ef6f9156d2ef53
tool-29,tool,A1_RAW_HISTORY,deterministic-local,29,0.85,SUCCESS,True,False,,,SIMULATED,0,0,b25d1686f7011d27391625eda00785d9f4cf7a1b,a491829a23483d3c821f337e76581ea81225287dbf2886ba78ef6f9156d2ef53
tool-29,tool,A2_INITIAL_ENGRAM_MEMORY,deterministic-local,29,0.9,SUCCESS,True,True,5e96cba8-2948-4170-a378-b3f2ded8adb2,,SIMULATED,0,0,b25d1686f7011d27391625eda00785d9f4cf7a1b,a491829a23483d3c821f337e76581ea81225287dbf2886ba78ef6f9156d2ef53
tool-29,tool,A3_IRRELEVANT_MEMORY,deterministic-local,29,0.95,SUCCESS,True,False,,,SIMULATED,0,0,b25d1686f7011d27391625eda00785d9f4cf7a1b,a491829a23483d3c821f337e76581ea81225287dbf2886ba78ef6f9156d2ef53
tool-29,tool,A4_STALE_OR_CONTRADICTORY,deterministic-local,29,0.0,NEUTRAL,False,False,,,SIMULATED,0,0,b25d1686f7011d27391625eda00785d9f4cf7a1b,a491829a23483d3c821f337e76581ea81225287dbf2886ba78ef6f9156d2ef53
tool-29,tool,A5_EVALUATED_UPDATED_MEMORY,deterministic-local,29,0.92,SUCCESS,True,True,31366916-06e4-40f2-9e64-e8d8d4c5d475,STRENGTHEN,SIMULATED,0,0,b25d1686f7011d27391625eda00785d9f4cf7a1b,a491829a23483d3c821f337e76581ea81225287dbf2886ba78ef6f9156d2ef53
handoff-29,handoff,A2_INITIAL_ENGRAM_MEMORY,deterministic-local,29,0.9,SUCCESS,True,True,2f5d3027-89d8-413d-ba09-5a7b81d1f946,,SIMULATED,0,0,b25d1686f7011d27391625eda00785d9f4cf7a1b,a491829a23483d3c821f337e76581ea81225287dbf2886ba78ef6f9156d2ef53
handoff-29,handoff,A5_EVALUATED_UPDATED_MEMORY,deterministic-local,29,0.92,SUCCESS,True,True,1c7cd4f4-3a38-472e-965b-7f012bddb8bf,STRENGTHEN,SIMULATED,0,0,b25d1686f7011d27391625eda00785d9f4cf7a1b,a491829a23483d3c821f337e76581ea81225287dbf2886ba78ef6f9156d2ef53
tool-30,tool,A0_NO_MEMORY,deterministic-local,30,-1.0,FAILURE,False,False,,,SIMULATED,1,0,b25d1686f7011d27391625eda00785d9f4cf7a1b,a491829a23483d3c821f337e76581ea81225287dbf2886ba78ef6f9156d2ef53
tool-30,tool,A1_RAW_HISTORY,deterministic-local,30,0.85,SUCCESS,True,False,,,SIMULATED,0,0,b25d1686f7011d27391625eda00785d9f4cf7a1b,a491829a23483d3c821f337e76581ea81225287dbf2886ba78ef6f9156d2ef53
tool-30,tool,A2_INITIAL_ENGRAM_MEMORY,deterministic-local,30,0.9,SUCCESS,True,True,b10eee5c-d7ce-4640-a432-dc6c2e26157b,,SIMULATED,0,0,b25d1686f7011d27391625eda00785d9f4cf7a1b,a491829a23483d3c821f337e76581ea81225287dbf2886ba78ef6f9156d2ef53
tool-30,tool,A3_IRRELEVANT_MEMORY,deterministic-local,30,0.95,SUCCESS,True,False,,,SIMULATED,0,0,b25d1686f7011d27391625eda00785d9f4cf7a1b,a491829a23483d3c821f337e76581ea81225287dbf2886ba78ef6f9156d2ef53
tool-30,tool,A4_STALE_OR_CONTRADICTORY,deterministic-local,30,0.0,NEUTRAL,False,False,,,SIMULATED,0,0,b25d1686f7011d27391625eda00785d9f4cf7a1b,a491829a23483d3c821f337e76581ea81225287dbf2886ba78ef6f9156d2ef53
tool-30,tool,A5_EVALUATED_UPDATED_MEMORY,deterministic-local,30,0.92,SUCCESS,True,True,4cebde73-7b2c-4ff2-9504-008b6496e506,STRENGTHEN,SIMULATED,0,0,b25d1686f7011d27391625eda00785d9f4cf7a1b,a491829a23483d3c821f337e76581ea81225287dbf2886ba78ef6f9156d2ef53
handoff-30,handoff,A2_INITIAL_ENGRAM_MEMORY,deterministic-local,30,0.9,SUCCESS,True,True,55065ed9-83af-47a6-871e-a03483fe0d36,,SIMULATED,0,0,b25d1686f7011d27391625eda00785d9f4cf7a1b,a491829a23483d3c821f337e76581ea81225287dbf2886ba78ef6f9156d2ef53
handoff-30,handoff,A5_EVALUATED_UPDATED_MEMORY,deterministic-local,30,0.92,SUCCESS,True,True,34a13763-6277-461a-8368-6411b83143cb,STRENGTHEN,SIMULATED,0,0,b25d1686f7011d27391625eda00785d9f4cf7a1b,a491829a23483d3c821f337e76581ea81225287dbf2886ba78ef6f9156d2ef53
